{"train_loss": [0.5870219060154849, 0.37330054150995357, 0.2758971297348192, 0.24924608002337376, 0.21735009273817374, 0.19108831839159476, 0.17179387862714687, 0.14556362801917302, 0.11293559978434513, 0.08941008354890947, 0.07033895362933823], "val_loss": [0.6527975425124168, 0.31252583861351013, 0.33280719816684723, 0.34961793944239616, 0.21022027172148228, 0.3793422281742096, 0.19133826158940792, 0.15182771161198616, 0.2791424132883549, 0.33317770063877106, 0.20189085509628057], "train_accuracy": [0.6637490882567469, 0.8164356917092147, 0.8708971553610503, 0.8849987843423291, 0.9010454655968879, 0.9178215414539266, 0.926088013615366, 0.9421346948699246, 0.9538050085096037, 0.9691222951616825, 0.975443715049842], "val_accuracy": [0.62, 0.85, 0.85, 0.85, 0.9, 0.8, 0.94, 0.94, 0.92, 0.91, 0.93], "train_precision": [0.6663683762542623, 0.8198735719374896, 0.8724156831149676, 0.8854240822781557, 0.9015934377275405, 0.9179109326522126, 0.9262569928813743, 0.9421445654866257, 0.9538436612091317, 0.9691245105598364, 0.9754449153067096], "val_precision": [0.7859770114942529, 0.8538244766505636, 0.8683333333333333, 0.8683333333333333, 0.902729827378563, 0.8579710144927537, 0.94, 0.9406583701324769, 0.9263030303030303, 0.9143075684380031, 0.9302000000000001], "train_recall": [0.6637490882567469, 0.8164356917092147, 0.8708971553610503, 0.8849987843423291, 0.9010454655968879, 0.9178215414539266, 0.926088013615366, 0.9421346948699246, 0.9538050085096037, 0.9691222951616825, 0.975443715049842], "val_recall": [0.62, 0.85, 0.85, 0.85, 0.9, 0.8, 0.94, 0.94, 0.92, 0.91, 0.93], "train_f1": [0.6609924603173445, 0.8155850177445924, 0.8706249658312643, 0.8849001695868889, 0.9009510670331135, 0.9177958010405405, 0.9260564135340457, 0.9421287033060414, 0.9537970100537647, 0.969122886957851, 0.9754428724549452], "val_f1": [0.5602757352941176, 0.8497747973175859, 0.8485028732735155, 0.8485028732735155, 0.899919967987195, 0.7925589086399338, 0.94, 0.9399519230769232, 0.9198076923076922, 0.9098648783905514, 0.9300070007000701]}