{"train_loss": [0.581493364000807, 0.4147743927885075, 0.30730443348994063, 0.26936572189537844, 0.24132631787536096, 0.2243754990702989], "val_loss": [0.8929743766784668, 0.5275654196739197, 0.3573957681655884, 0.36017897352576256, 0.5069863889366388, 0.5664392411708832], "train_accuracy": [0.6803726309026662, 0.808544812078381, 0.864760681015098, 0.8782524895599101, 0.8907805974943784, 0.9045936395759717], "val_accuracy": [0.69, 0.8, 0.83, 0.88, 0.93, 0.89], "train_precision": [0.6842331392108768, 0.8186254755206284, 0.8726211069956591, 0.8828603698486972, 0.8940922705720264, 0.9052006341329114], "val_precision": [0.6925362318840578, 0.8455902306648575, 0.8633333333333334, 0.89031415748674, 0.9314734299516908, 0.8941465378421901], "train_recall": [0.6803726309026662, 0.808544812078381, 0.864760681015098, 0.8782524895599101, 0.8907805974943784, 0.9045936395759717], "val_recall": [0.69, 0.8, 0.83, 0.88, 0.93, 0.89], "train_f1": [0.676771848832945, 0.8061803253572806, 0.8636117678258531, 0.8775946222734505, 0.8903362354426755, 0.9044758420563914], "val_f1": [0.6895345811230108, 0.7940886699507388, 0.8266280134269149, 0.879421918908069, 0.9298947368421053, 0.8898348513662296]}