{"train_loss": [0.6212434851846029, 0.40662871151007424, 0.3158578536538191, 0.24260761831388916, 0.1911539625116559, 0.14928725125022638, 0.10182644894649816, 0.07967670222874297, 0.04362392084774121], "val_loss": [0.6176233068108559, 0.5610595494508743, 0.46336380392313004, 0.5077911503612995, 0.5040112398564816, 0.3846696726977825, 0.39703522995114326, 0.5153570771217346, 0.6113905385136604], "train_accuracy": [0.6413809871140287, 0.8154631655725748, 0.8611718939946511, 0.8966690979820082, 0.9231704352054462, 0.9406759056649647, 0.9647459275468028, 0.976173109652322, 0.9883296863603209], "val_accuracy": [0.74, 0.78, 0.87, 0.89, 0.89, 0.84, 0.83, 0.85, 0.83], "train_precision": [0.6465899015957711, 0.818565588806289, 0.8623676365238895, 0.8970470618297164, 0.9232768277835562, 0.9407261815039966, 0.9648031304010793, 0.9762207928829343, 0.9883397116684975], "val_precision": [0.7558385876418663, 0.8228222523744912, 0.8777272727272728, 0.8915384615384616, 0.8912801932367149, 0.8695495495495495, 0.8546095076400678, 0.851086956521739, 0.8546095076400678], "train_recall": [0.6413809871140287, 0.8154631655725748, 0.8611718939946511, 0.8966690979820082, 0.9231704352054462, 0.9406759056649647, 0.9647459275468028, 0.976173109652322, 0.9883296863603209], "val_recall": [0.74, 0.78, 0.87, 0.89, 0.89, 0.84, 0.83, 0.85, 0.83], "train_f1": [0.6357260791382391, 0.814669699308406, 0.8609169515261388, 0.8965900130500591, 0.923144686752105, 0.9406634004913335, 0.9647388342866607, 0.9761689841329945, 0.9883288508986854], "val_f1": [0.7368484848484849, 0.7734975369458128, 0.869543859649123, 0.88996699669967, 0.8898345864661653, 0.8372727272727274, 0.8275392246178762, 0.8497744360902256, 0.8275392246178762]}