{"train_loss": [0.6077059534739475, 0.4527593997060036, 0.3616806572797347, 0.313270385472142, 0.24591357428200392, 0.1954889072447407], "val_loss": [0.6088215559720993, 0.5735480487346649, 0.4806591644883156, 0.5577071532607079, 0.6053919568657875, 0.5955171957612038], "train_accuracy": [0.7022165114037906, 0.814005782203662, 0.8592997108898169, 0.8833922261484098, 0.9078059749437841, 0.934468358496627], "val_accuracy": [0.74, 0.78, 0.8, 0.74, 0.77, 0.78], "train_precision": [0.706694821941712, 0.8154617217523429, 0.860419052297292, 0.8836966522581383, 0.907958810554224, 0.9346251440339794], "val_precision": [0.7688351648351649, 0.7980580075662043, 0.8084863321093431, 0.7428886168910648, 0.7707004830917874, 0.7924844977263332], "train_recall": [0.7022165114037906, 0.814005782203662, 0.8592997108898169, 0.8833922261484098, 0.9078059749437841, 0.934468358496627], "val_recall": [0.74, 0.78, 0.8, 0.74, 0.77, 0.78], "train_f1": [0.6989867950169392, 0.813450232353676, 0.8590009862050669, 0.8832873453443764, 0.9077537604924285, 0.9344349479955205], "val_f1": [0.7340595675234599, 0.7773333333333333, 0.7990365315134484, 0.738743961352657, 0.7696541353383458, 0.7782286634460547]}