{"train_loss": [0.580247702951334, 0.38822138370299825, 0.3092444526145653, 0.2416994457646292, 0.20479584713371432, 0.18087875595962516, 0.1629729403601009, 0.1554540075665834], "val_loss": [0.7392376288771629, 0.4925459697842598, 0.8400862142443657, 0.7377226501703262, 0.33563942462205887, 0.8642577473074198, 0.3564303368330002, 0.3729376085102558], "train_accuracy": [0.6636684869900418, 0.8204304529392868, 0.8612271121105043, 0.8972052682300032, 0.9126244779955027, 0.9251525859299711, 0.9328621908127208, 0.9402505621586894], "val_accuracy": [0.74, 0.84, 0.86, 0.88, 0.89, 0.91, 0.94, 0.93], "train_precision": [0.6660843805839761, 0.8298700775080149, 0.8639874781802914, 0.8978902415109679, 0.9129516908647661, 0.9256650683000461, 0.9330064741369171, 0.9403225701411518], "val_precision": [0.7688351648351649, 0.8494002447980415, 0.8745439260193357, 0.89031415748674, 0.9033743842364532, 0.9179885057471264, 0.940752300920368, 0.9316346153846154], "train_recall": [0.6636684869900418, 0.8204304529392868, 0.8612271121105043, 0.8972052682300032, 0.9126244779955027, 0.9251525859299711, 0.9328621908127208, 0.9402505621586894], "val_recall": [0.74, 0.84, 0.86, 0.88, 0.89, 0.91, 0.94, 0.93], "train_f1": [0.6604717680535546, 0.8184075010026295, 0.8606861055877805, 0.8970650192793876, 0.9125517015843128, 0.9250748867225898, 0.9328291982811279, 0.9402305479640157], "val_f1": [0.7340595675234599, 0.8392292252107586, 0.8582954545454545, 0.879421918908069, 0.8893035875791377, 0.9094283697953424, 0.94, 0.9299789978997899]}