{"train_loss": [0.5986599840071737, 0.37274338381022826, 0.286630421800881, 0.2520488586504849, 0.2445528357080659, 0.2143455395969201, 0.17956066089777314, 0.15712824788856872], "val_loss": [0.6097187548875809, 0.3717738538980484, 0.3469603881239891, 0.29040585830807686, 0.2647479921579361, 0.2898734323680401, 0.42945175990462303, 0.5528904944658279], "train_accuracy": [0.6601349180854481, 0.8284612913588179, 0.8705428846771603, 0.8904593639575972, 0.8936716993254096, 0.9081272084805654, 0.9251525859299711, 0.9322197237391584], "val_accuracy": [0.7, 0.84, 0.86, 0.88, 0.88, 0.9, 0.92, 0.93], "train_precision": [0.6640873988557988, 0.8351984646153225, 0.8717603108524162, 0.8911396763463646, 0.8943221829221716, 0.9084749412900819, 0.9253080717468944, 0.9324313004363806], "val_precision": [0.7762666666666667, 0.8613871374527112, 0.8754609342703596, 0.8962050434063663, 0.880704281712685, 0.9, 0.92, 0.9302000000000001], "train_recall": [0.6601349180854481, 0.8284612913588179, 0.8705428846771603, 0.8904593639575972, 0.8936716993254096, 0.9081272084805654, 0.9251525859299711, 0.9322197237391584], "val_recall": [0.7, 0.84, 0.86, 0.88, 0.88, 0.9, 0.92, 0.93], "train_f1": [0.6556303028066471, 0.8270144996405476, 0.8702638854259616, 0.8903070016215875, 0.8935294312775246, 0.9080466313214712, 0.9251130314395674, 0.932178711783851], "val_f1": [0.6801358234295417, 0.8380606060606062, 0.8588727858293075, 0.8790338164251207, 0.88, 0.9, 0.92, 0.9300070007000701]}