{"train_loss": [0.370490699778406, 0.23491603660644317, 0.1428566697072618, 0.15145814041512048, 0.0938778547736417, 0.052228418256070615], "val_loss": [0.3772454261779785, 0.27232650108635426, 0.2505941893905401, 2.1322625279426575, 0.4001712501049042, 0.4337681569159031], "train_accuracy": [0.8310311596530677, 0.9090909090909091, 0.9444265981368455, 0.9434628975265018, 0.9649855444908448, 0.9813684548666881], "val_accuracy": [0.8, 0.85, 0.91, 0.6, 0.86, 0.82], "train_precision": [0.8310815557715655, 0.9093144717850995, 0.9445262345631295, 0.9435103238213614, 0.9649865397654364, 0.981392612852956], "val_precision": [0.8191677175283734, 0.8748263888888889, 0.918409090909091, 0.7758241758241757, 0.8745439260193357, 0.8339727159983464], "train_recall": [0.8310311596530677, 0.9090909090909091, 0.9444265981368455, 0.9434628975265018, 0.9649855444908448, 0.9813684548666881], "val_recall": [0.8, 0.85, 0.91, 0.6, 0.86, 0.82], "train_f1": [0.8309322099870942, 0.9090286357176277, 0.9444051886679719, 0.9434475850176136, 0.9649859424371025, 0.9813703987464877], "val_f1": [0.7975757575757575, 0.8470076726342711, 0.9096842105263159, 0.5184069936862555, 0.8582954545454545, 0.8185507246376812]}