{"train_loss": [0.3892856028919317, 0.2560053758931403, 0.21923824430120234, 0.15711224803282897, 0.11512430260262015, 0.07444199210279906], "val_loss": [0.2716773869469762, 0.22535312734544277, 0.15435115434229374, 0.16974683292210102, 0.5562364757061005, 0.25470805261284113], "train_accuracy": [0.8156119498875682, 0.8878894956633473, 0.9151943462897526, 0.9457115322839704, 0.9579184066816576, 0.9733376164471571], "val_accuracy": [0.87, 0.87, 0.92, 0.91, 0.82, 0.91], "train_precision": [0.8167363239947594, 0.8879254517839288, 0.9153686189600099, 0.945726485186989, 0.957956725973765, 0.973337542355256], "val_precision": [0.8777272727272728, 0.8777272727272728, 0.9263030303030303, 0.9143075684380031, 0.8683582089552239, 0.9115865384615384], "train_recall": [0.8156119498875682, 0.8878894956633473, 0.9151943462897526, 0.9457115322839704, 0.9579184066816576, 0.9733376164471571], "val_recall": [0.87, 0.87, 0.92, 0.91, 0.82, 0.91], "train_f1": [0.815147055988938, 0.887850086548784, 0.9151446833395301, 0.9457024873790288, 0.9579089415273287, 0.9733366742329539], "val_f1": [0.8695438596491227, 0.8695438596491227, 0.9198076923076922, 0.9098648783905514, 0.8146798029556649, 0.9099729972997299]}