{"train_loss": [0.6414761275661235, 0.45497422908641855, 0.34402951142009425, 0.2864869206535573, 0.2599377823727472, 0.2109488136306101, 0.17984599262780074, 0.12519864840623068, 0.09111534671059676], "val_loss": [0.6220801621675491, 0.4570000246167183, 0.48378096520900726, 0.41965318471193314, 0.4588816277682781, 0.3705165907740593, 0.45041704922914505, 0.37503430992364883, 0.5214911289513111], "train_accuracy": [0.6305814327015741, 0.7748152907163508, 0.8406681657565049, 0.8763250883392226, 0.8837134596851911, 0.912945711532284, 0.9267587536138773, 0.954384837777064, 0.9685191133954385], "val_accuracy": [0.69, 0.76, 0.8, 0.87, 0.87, 0.85, 0.85, 0.85, 0.83], "train_precision": [0.6489720851771347, 0.7818254713295767, 0.8428764718167485, 0.8772621735048394, 0.8843469648188867, 0.9132021979089299, 0.9269500474897199, 0.9545029606351447, 0.9685970403947834], "val_precision": [0.6910576923076923, 0.7632313341493266, 0.8175032175032174, 0.871183574879227, 0.8777272727272728, 0.8500801282051281, 0.8573863636363636, 0.8502, 0.8301999999999999], "train_recall": [0.6305814327015741, 0.7748152907163508, 0.8406681657565049, 0.8763250883392226, 0.8837134596851911, 0.912945711532284, 0.9267587536138773, 0.954384837777064, 0.9685191133954385], "val_recall": [0.69, 0.76, 0.8, 0.87, 0.87, 0.85, 0.85, 0.85, 0.83], "train_f1": [0.612752229296709, 0.7724349738221736, 0.8400995612903598, 0.8761043548075862, 0.8835548030598072, 0.9128824905794214, 0.9267158628841397, 0.9543664812485099, 0.9685095907744941], "val_f1": [0.6899069906990701, 0.7588405797101448, 0.7965728274173807, 0.8698045112781955, 0.869543859649123, 0.8499549594635173, 0.8494736842105263, 0.8500150015001501, 0.8300170017001699]}