{"train_loss": [0.607810902272084, 0.4145660728447197, 0.33625178870766664, 0.25502050968334655, 0.2191494508653648, 0.17434632463395133], "val_loss": [0.6185410842299461, 0.47646597772836685, 0.425270639359951, 0.4717702120542526, 0.46033015102148056, 0.48918627202510834], "train_accuracy": [0.6530513007537078, 0.8227571115973742, 0.8550936056406516, 0.8986141502552881, 0.9141745684415269, 0.9321663019693655], "val_accuracy": [0.67, 0.77, 0.78, 0.79, 0.79, 0.79], "train_precision": [0.6590846278690106, 0.8250763876740657, 0.8556320856623426, 0.8989723978105836, 0.9145645391916902, 0.9322370325355889], "val_precision": [0.8028048780487805, 0.8065151515151515, 0.8048648648648649, 0.8004187192118226, 0.8119609507640068, 0.8399448529411765], "train_recall": [0.6530513007537078, 0.8227571115973742, 0.8550936056406516, 0.8986141502552881, 0.9141745684415269, 0.9321663019693655], "val_recall": [0.67, 0.77, 0.78, 0.79, 0.79, 0.79], "train_f1": [0.6474924805044306, 0.8221598684919136, 0.8549332392989685, 0.8985395716759033, 0.9141114359750453, 0.9321486295470811], "val_f1": [0.6326518420179224, 0.764, 0.77625, 0.7886704853783538, 0.786960218645612, 0.7830151374729688]}