{"train_loss": [0.582798186613589, 0.3946279907713131, 0.28495923285277525, 0.2556005273850597, 0.2109042847795146, 0.2026526974324061, 0.13528139113771673, 0.09340858540250635, 0.0708708829265468], "val_loss": [0.6054346188902855, 0.5637705773115158, 0.5161472260951996, 0.40468568354845047, 0.6814868673682213, 0.358645036816597, 0.4134262949228287, 0.6880371421575546, 0.8245845213532448], "train_accuracy": [0.6794089302923225, 0.8082235785415998, 0.8705428846771603, 0.8862833279794411, 0.9074847414070029, 0.9106970767748153, 0.9486026341150016, 0.9694828140057822, 0.9778348859620944], "val_accuracy": [0.68, 0.82, 0.8, 0.84, 0.89, 0.84, 0.86, 0.82, 0.86], "train_precision": [0.6920483812669123, 0.818834300737254, 0.8719325043927059, 0.8871485649526859, 0.9082542702100577, 0.9110828365306747, 0.94877723177035, 0.9694986007783283, 0.9778833594261069], "val_precision": [0.7647430830039526, 0.8250909090909091, 0.8351648351648351, 0.8547168251343531, 0.8902, 0.84, 0.8625371336812526, 0.8289432884536923, 0.860688275310124], "train_recall": [0.6794089302923225, 0.8082235785415998, 0.8705428846771603, 0.8862833279794411, 0.9074847414070029, 0.9106970767748153, 0.9486026341150016, 0.9694828140057822, 0.9778348859620944], "val_recall": [0.68, 0.82, 0.8, 0.84, 0.89, 0.84, 0.86, 0.82, 0.86], "train_f1": [0.6709892130542345, 0.8057547463784126, 0.8702384411917384, 0.8860969006398388, 0.907353583314611, 0.9106147375164712, 0.9485764298004082, 0.969478581414799, 0.9778299004991274], "val_f1": [0.6550150150150151, 0.8195673076923078, 0.7954304365565076, 0.8387117552334944, 0.89001100110011, 0.84, 0.8598879551820728, 0.8191328783621036, 0.86]}