{"train_loss": [0.6179696887123342, 0.4501134017292334, 0.3301803145785721, 0.2529529953109367, 0.2293473183348471, 0.19452190790705534, 0.16973241030865785, 0.15103011578321457], "val_loss": [0.7032764703035355, 0.5672549307346344, 0.5161572955548763, 0.7934462279081345, 0.2451184131205082, 0.47216710448265076, 0.3615719862282276, 0.2507232837378979], "train_accuracy": [0.6431095406360424, 0.7812399614519756, 0.8454866688082235, 0.8814648249277225, 0.9004176035978156, 0.9135881786058464, 0.9331834243495021, 0.9447478316736267], "val_accuracy": [0.7, 0.75, 0.87, 0.85, 0.91, 0.89, 0.86, 0.94], "train_precision": [0.6435182885041251, 0.7992576298968939, 0.8507910088987405, 0.8821516782653818, 0.9008435496618142, 0.9136745968786361, 0.9332138723596349, 0.9447494573252231], "val_precision": [0.7246153846153847, 0.805, 0.8700961538461539, 0.86125, 0.918409090909091, 0.8941465378421901, 0.8754609342703596, 0.9429225210758732], "train_recall": [0.6431095406360424, 0.7812399614519756, 0.8454866688082235, 0.8814648249277225, 0.9004176035978156, 0.9135881786058464, 0.9331834243495021, 0.9447478316736267], "val_recall": [0.7, 0.75, 0.87, 0.85, 0.91, 0.89, 0.86, 0.94], "train_f1": [0.6432130086671313, 0.7765196727593985, 0.8444598953381427, 0.8812935805131642, 0.9003165804518085, 0.9135519025367528, 0.9331673869259057, 0.9447423958779174], "val_f1": [0.6931456548347614, 0.7396514161220042, 0.8699609648683816, 0.8484968114181598, 0.9096842105263159, 0.8898348513662296, 0.8588727858293075, 0.939951980792317]}