{"train_loss": [0.6947004910634489, 0.6547918198060017, 0.6016157807744279, 0.5458348496836058, 0.4998558273120802, 0.4477927292488059, 0.4119904807635716, 0.36871775665453504, 0.34771291577086155, 0.30082143174142256, 0.27065099578122703], "val_loss": [0.7104460597038269, 0.6684591323137283, 0.6386736482381821, 0.7435868009924889, 0.5681122988462448, 0.5879649072885513, 0.6134431883692741, 0.5190471038222313, 0.5396299287676811, 0.5505088269710541, 0.5394735783338547], "train_accuracy": [0.5178284612913588, 0.6549951814969482, 0.7555412785094764, 0.7973016382910376, 0.833922261484099, 0.8548024413748795, 0.8673305493093479, 0.8898168968840346, 0.8933504657886283, 0.9155155798265339, 0.9257950530035336], "val_accuracy": [0.49, 0.68, 0.67, 0.63, 0.77, 0.75, 0.75, 0.77, 0.78, 0.74, 0.78], "train_precision": [0.5168165474556293, 0.7216679438149796, 0.802153133313418, 0.8161970023828079, 0.8438993238577391, 0.8596860003678543, 0.8694187651968677, 0.8920454509166265, 0.8940207338846589, 0.9161180184309987, 0.9259968200658389], "val_precision": [0.24009999999999998, 0.7834358047016274, 0.7785, 0.758125, 0.7700160256410257, 0.7592364532019704, 0.7760416666666667, 0.7782499999999999, 0.7846060606060606, 0.75099627945432, 0.78062424969988], "train_recall": [0.5178284612913588, 0.6549951814969482, 0.7555412785094764, 0.7973016382910376, 0.833922261484099, 0.8548024413748795, 0.8673305493093479, 0.8898168968840346, 0.8933504657886283, 0.9155155798265339, 0.9257950530035336], "val_recall": [0.49, 0.68, 0.67, 0.63, 0.77, 0.75, 0.75, 0.77, 0.78, 0.74, 0.78], "train_f1": [0.516820087316431, 0.6204467165479064, 0.7432503052179046, 0.7930075770224494, 0.8320513023584247, 0.8539224488370865, 0.866914313603814, 0.8894795458808901, 0.8932049575023646, 0.9154155257397864, 0.9257501536590977], "val_f1": [0.3222818791946308, 0.6508333333333334, 0.6376089092695709, 0.5820424194815397, 0.7699309378440597, 0.7484172444980404, 0.7450411962160511, 0.7676951108411783, 0.7794711538461538, 0.7379066022544282, 0.78]}