{"train_loss": [0.6215745744317077, 0.414430785895318, 0.2798981700063676, 0.24905191835506943, 0.21613500665786656, 0.18595252082098362, 0.17201861850339775, 0.15252519397483777], "val_loss": [0.5686283558607101, 0.360526405274868, 0.3457174226641655, 0.31134678050875664, 0.27322984859347343, 0.2889491990208626, 0.30444581992924213, 0.29097311198711395], "train_accuracy": [0.6457573547289084, 0.8081692195477753, 0.8725990761001702, 0.8842693897398493, 0.9115001215657671, 0.9217116460004863, 0.9294918550936057, 0.936542669584245], "val_accuracy": [0.72, 0.82, 0.88, 0.87, 0.89, 0.88, 0.93, 0.93], "train_precision": [0.6515961542860194, 0.8182413212623841, 0.8750651113422013, 0.8852078262107287, 0.9117608721510578, 0.9218598352194808, 0.9297000240431419, 0.9366054347543131], "val_precision": [0.8218181818181819, 0.8223444399839422, 0.8962050434063663, 0.8827832512315271, 0.9033743842364532, 0.89031415748674, 0.9302000000000001, 0.9302000000000001], "train_recall": [0.6457573547289084, 0.8081692195477753, 0.8725990761001702, 0.8842693897398493, 0.9115001215657671, 0.9217116460004863, 0.9294918550936057, 0.936542669584245], "val_recall": [0.72, 0.82, 0.88, 0.87, 0.89, 0.88, 0.93, 0.93], "train_f1": [0.6398998665626617, 0.8060127158220822, 0.8722168067310196, 0.8841025991811378, 0.9114487557957331, 0.9216800391416907, 0.9294582516554303, 0.936527422251305], "val_f1": [0.6981381381381382, 0.8198559423769507, 0.8790338164251207, 0.869176967138981, 0.8893035875791377, 0.879421918908069, 0.9300070007000701, 0.9300070007000701]}